Title,Price,Rating,Colors,Size,Gender,Timestamp
T-shirt 2,1634400.0,3.95,3,M,Women,2026-05-07 10:42:24.544103
Hoodie 3,7950080.0,4.85,3,L,Unisex,2026-05-07 10:42:24.544104
Pants 4,7476960.0,3.35,3,XL,Men,2026-05-07 10:42:24.544104
Outerwear 5,5145440.0,3.55,3,XXL,Women,2026-05-07 10:42:24.544105
Jacket 6,2453920.0,3.35,3,S,Unisex,2026-05-07 10:42:24.544106
Crewneck 7,6892000.0,4.35,3,M,Men,2026-05-07 10:42:24.544106
T-shirt 8,7802560.0,3.15,3,L,Women,2026-05-07 10:42:24.544107
Hoodie 9,3972160.0,3.25,3,XL,Unisex,2026-05-07 10:42:24.544107
Pants 10,3100160.0,4.25,3,XXL,Men,2026-05-07 10:42:24.544107
Jacket 12,8527840.0,3.95,3,M,Unisex,2026-05-07 10:42:24.544108
Crewneck 13,5447200.0,3.25,3,L,Men,2026-05-07 10:42:24.544109
T-shirt 14,3248800.0,3.85,3,XL,Women,2026-05-07 10:42:24.544109
Hoodie 15,2184160.0,3.65,3,XXL,Unisex,2026-05-07 10:42:24.544110
Outerwear 17,841600.0,3.85,3,M,Women,2026-05-07 10:42:24.544110
Jacket 18,5500000.0,3.85,3,L,Unisex,2026-05-07 10:42:24.544111
Crewneck 19,1308960.0,3.65,3,XL,Men,2026-05-07 10:42:24.544111
T-shirt 20,1325600.0,3.45,3,XXL,Women,2026-05-07 10:42:24.544112
Pants 22,4319680.0,4.95,3,M,Men,2026-05-07 10:42:25.619115
Outerwear 23,4655840.0,3.75,3,L,Women,2026-05-07 10:42:25.619116
Jacket 24,8223520.0,3.95,3,XL,Unisex,2026-05-07 10:42:25.619117
Crewneck 25,8322559.999999999,3.35,3,XXL,Men,2026-05-07 10:42:25.619118
T-shirt 26,7292320.0,4.65,3,S,Women,2026-05-07 10:42:25.619119
Hoodie 27,3551840.0,4.85,3,M,Unisex,2026-05-07 10:42:25.619120
Pants 28,5216160.0,4.05,3,L,Men,2026-05-07 10:42:25.619121
Outerwear 29,861600.0,3.15,3,XL,Women,2026-05-07 10:42:25.619122
Jacket 30,8610240.0,3.75,3,XXL,Unisex,2026-05-07 10:42:25.619122
T-shirt 32,6657920.0,3.45,3,M,Women,2026-05-07 10:42:25.619124
Hoodie 33,7248160.0,3.55,3,L,Unisex,2026-05-07 10:42:25.619125
Pants 34,8362719.999999999,3.85,3,XL,Men,2026-05-07 10:42:25.619126
Outerwear 35,1356160.0,3.85,3,XXL,Women,2026-05-07 10:42:25.619126
Jacket 36,7249280.0,3.75,3,S,Unisex,2026-05-07 10:42:25.619127
Crewneck 37,6006080.0,4.05,3,M,Men,2026-05-07 10:42:25.619128
T-shirt 38,4866080.0,3.25,3,L,Women,2026-05-07 10:42:25.619128
Hoodie 39,6431200.0,4.65,3,XL,Unisex,2026-05-07 10:42:25.619129
Pants 40,5853600.0,3.15,3,XXL,Men,2026-05-07 10:42:25.619130
Jacket 42,6744160.0,3.75,3,M,Unisex,2026-05-07 10:42:26.687242
Crewneck 43,2909600.0,4.55,3,L,Men,2026-05-07 10:42:26.687243
T-shirt 44,3312320.0,3.05,3,XL,Women,2026-05-07 10:42:26.687243
Hoodie 45,8693120.0,4.55,3,XXL,Unisex,2026-05-07 10:42:26.687244
Outerwear 47,6364640.0,3.25,3,M,Women,2026-05-07 10:42:26.687245
Jacket 48,4994720.0,3.45,3,L,Unisex,2026-05-07 10:42:26.687246
Crewneck 49,1071200.0,4.05,3,XL,Men,2026-05-07 10:42:26.687247
T-shirt 50,5932960.0,3.15,3,XXL,Women,2026-05-07 10:42:26.687247
Pants 52,1596480.0,4.05,3,M,Men,2026-05-07 10:42:26.687248
Outerwear 53,4470880.0,4.35,3,L,Women,2026-05-07 10:42:26.687249
Jacket 54,854560.0,4.25,3,XL,Unisex,2026-05-07 10:42:26.687255
Crewneck 55,1793760.0,3.65,3,XXL,Men,2026-05-07 10:42:26.687256
T-shirt 56,4643040.0,3.85,3,S,Women,2026-05-07 10:42:26.687257
Hoodie 57,3155360.0,4.95,3,M,Unisex,2026-05-07 10:42:26.687257
Pants 58,1637760.0,4.45,3,L,Men,2026-05-07 10:42:26.687258
Outerwear 59,2254240.0,4.65,3,XL,Women,2026-05-07 10:42:26.687259
Jacket 60,3375520.0,4.25,3,XXL,Unisex,2026-05-07 10:42:26.687259
T-shirt 62,1376480.0,3.85,3,M,Women,2026-05-07 10:42:27.744504
Hoodie 63,6479200.0,3.65,3,L,Unisex,2026-05-07 10:42:27.744504
Pants 64,7728480.0,4.05,3,XL,Men,2026-05-07 10:42:27.744505
Outerwear 65,2385920.0,4.15,3,XXL,Women,2026-05-07 10:42:27.744505
Jacket 66,4353120.0,3.55,3,S,Unisex,2026-05-07 10:42:27.744506
Crewneck 67,8470720.0,3.55,3,M,Men,2026-05-07 10:42:27.744507
T-shirt 68,8025280.0,4.05,3,L,Women,2026-05-07 10:42:27.744507
Hoodie 69,1027839.9999999999,3.65,3,XL,Unisex,2026-05-07 10:42:27.744508
Pants 70,1171360.0,4.45,3,XXL,Men,2026-05-07 10:42:27.744510
Jacket 72,3776000.0,4.45,3,M,Unisex,2026-05-07 10:42:27.744511
Crewneck 73,2460320.0,3.05,3,L,Men,2026-05-07 10:42:27.744512
T-shirt 74,7704800.0,3.85,3,XL,Women,2026-05-07 10:42:27.744512
Hoodie 75,2101760.0,4.35,3,XXL,Unisex,2026-05-07 10:42:27.744512
Outerwear 77,861760.0,3.75,3,M,Women,2026-05-07 10:42:27.744513
Jacket 78,2716480.0,4.35,3,L,Unisex,2026-05-07 10:42:27.744515
Crewneck 79,3309600.0,4.65,3,XL,Men,2026-05-07 10:42:27.744515
T-shirt 80,4178399.9999999995,4.55,3,XXL,Women,2026-05-07 10:42:27.744516
Pants 82,8315520.0,4.85,3,M,Men,2026-05-07 10:42:28.804842
Outerwear 83,3947840.0,3.75,3,L,Women,2026-05-07 10:42:28.804843
Jacket 84,2826080.0,4.85,3,XL,Unisex,2026-05-07 10:42:28.804844
Crewneck 85,4564160.0,3.55,3,XXL,Men,2026-05-07 10:42:28.804845
T-shirt 86,1670880.0,3.95,3,S,Women,2026-05-07 10:42:28.804845
Hoodie 87,7870240.0,4.35,3,M,Unisex,2026-05-07 10:42:28.804846
Pants 88,7590400.0,3.15,3,L,Men,2026-05-07 10:42:28.804847
Outerwear 89,4856320.0,3.05,3,XL,Women,2026-05-07 10:42:28.804847
Jacket 90,7160000.0,4.05,3,XXL,Unisex,2026-05-07 10:42:28.804848
T-shirt 92,5012320.0,3.55,3,M,Women,2026-05-07 10:42:28.804849
Hoodie 93,1365280.0,3.65,3,L,Unisex,2026-05-07 10:42:28.804850
Pants 94,1074880.0,4.35,3,XL,Men,2026-05-07 10:42:28.804867
Outerwear 95,6062240.0,3.55,3,XXL,Women,2026-05-07 10:42:28.804867
Jacket 96,4598240.0,4.95,3,S,Unisex,2026-05-07 10:42:28.804868
Crewneck 97,6113120.0,3.95,3,M,Men,2026-05-07 10:42:28.804869
T-shirt 98,8596960.0,3.15,3,L,Women,2026-05-07 10:42:28.804870
Hoodie 99,5028000.0,3.65,3,XL,Unisex,2026-05-07 10:42:28.804870
Pants 100,2217280.0,4.65,3,XXL,Men,2026-05-07 10:42:28.804871
Jacket 102,3840640.0,3.35,3,M,Unisex,2026-05-07 10:42:29.873900
Crewneck 103,2331680.0,3.55,3,L,Men,2026-05-07 10:42:29.873901
T-shirt 104,2374400.0,3.85,3,XL,Women,2026-05-07 10:42:29.873902
Hoodie 105,5019840.0,4.25,3,XXL,Unisex,2026-05-07 10:42:29.873903
Outerwear 107,6625120.0,4.05,3,M,Women,2026-05-07 10:42:29.873904
Jacket 108,5551680.0,4.85,3,L,Unisex,2026-05-07 10:42:29.873905
Crewneck 109,5886880.0,3.35,3,XL,Men,2026-05-07 10:42:29.873906
T-shirt 110,7197120.0,4.65,3,XXL,Women,2026-05-07 10:42:29.873909
Pants 112,4261920.0,3.35,3,M,Men,2026-05-07 10:42:29.873910
Outerwear 113,4472000.0,3.75,3,L,Women,2026-05-07 10:42:29.873911
Jacket 114,5386560.0,4.95,3,XL,Unisex,2026-05-07 10:42:29.873912
Crewneck 115,1933280.0,4.55,3,XXL,Men,2026-05-07 10:42:29.873912
T-shirt 116,3474560.0,3.05,3,S,Women,2026-05-07 10:42:29.873913
Hoodie 117,3376320.0,5.05,3,M,Unisex,2026-05-07 10:42:29.873914
Pants 118,5585440.0,3.25,3,L,Men,2026-05-07 10:42:29.873914
Outerwear 119,3561760.0,3.45,3,XL,Women,2026-05-07 10:42:29.873915
Jacket 120,7480320.0,4.05,3,XXL,Unisex,2026-05-07 10:42:29.873916
T-shirt 122,1961920.0,3.65,3,M,Women,2026-05-07 10:42:30.934301
Hoodie 123,4498080.0,3.85,3,L,Unisex,2026-05-07 10:42:30.934302
Pants 124,7023520.0,3.25,3,XL,Men,2026-05-07 10:42:30.934303
Outerwear 125,6998240.0,4.25,3,XXL,Women,2026-05-07 10:42:30.934304
Jacket 126,4426080.0,3.95,3,S,Unisex,2026-05-07 10:42:30.934305
Crewneck 127,8311680.0,4.05,3,M,Men,2026-05-07 10:42:30.934306
T-shirt 128,4466720.0,3.85,3,L,Women,2026-05-07 10:42:30.934306
Hoodie 129,2532480.0,4.55,3,XL,Unisex,2026-05-07 10:42:30.934307
Pants 130,6603520.0,4.85,3,XXL,Men,2026-05-07 10:42:30.934309
Jacket 132,6474880.0,4.25,3,M,Unisex,2026-05-07 10:42:30.934310
Crewneck 133,2016320.0,4.75,3,L,Men,2026-05-07 10:42:30.934311
T-shirt 134,5937440.0,3.25,3,XL,Women,2026-05-07 10:42:30.934312
Hoodie 135,5141440.0,4.75,3,XXL,Unisex,2026-05-07 10:42:30.934312
Outerwear 137,6988320.0,4.55,3,M,Women,2026-05-07 10:42:30.934314
Jacket 138,4635520.0,3.45,3,L,Unisex,2026-05-07 10:42:30.934315
Crewneck 139,8053120.0,4.55,3,XL,Men,2026-05-07 10:42:30.934315
T-shirt 140,6811040.0,3.55,3,XXL,Women,2026-05-07 10:42:30.934316
Pants 142,2325280.0,4.95,3,M,Men,2026-05-07 10:42:31.997505
Outerwear 143,3346560.0,4.95,3,L,Women,2026-05-07 10:42:31.997506
Jacket 144,5758240.0,4.35,3,XL,Unisex,2026-05-07 10:42:31.997507
Crewneck 145,3472800.0,4.85,3,XXL,Men,2026-05-07 10:42:31.997507
T-shirt 146,7688640.0,4.35,3,S,Women,2026-05-07 10:42:31.997508
Hoodie 147,3052800.0,5.05,3,M,Unisex,2026-05-07 10:42:31.997509
Pants 148,6033440.0,4.75,3,L,Men,2026-05-07 10:42:31.997510
Outerwear 149,3105920.0,3.25,3,XL,Women,2026-05-07 10:42:31.997511
Jacket 150,1500640.0,3.65,3,XXL,Unisex,2026-05-07 10:42:31.997513
T-shirt 152,6288640.0,4.25,3,M,Women,2026-05-07 10:42:31.997515
Hoodie 153,2660640.0,4.35,3,L,Unisex,2026-05-07 10:42:31.997516
Pants 154,2337440.0,3.05,3,XL,Men,2026-05-07 10:42:31.997516
Outerwear 155,3783200.0,4.15,3,XXL,Women,2026-05-07 10:42:31.997517
Jacket 156,6645120.0,3.65,3,S,Unisex,2026-05-07 10:42:31.997518
Crewneck 157,1105760.0,4.05,3,M,Men,2026-05-07 10:42:31.997518
T-shirt 158,7321120.0,4.05,3,L,Women,2026-05-07 10:42:31.997519
Hoodie 159,2371680.0,4.95,3,XL,Unisex,2026-05-07 10:42:31.997520
Pants 160,2802880.0,3.45,3,XXL,Men,2026-05-07 10:42:31.997521
Jacket 162,1543840.0,4.55,3,M,Unisex,2026-05-07 10:42:33.069530
Crewneck 163,7861920.0,4.45,3,L,Men,2026-05-07 10:42:33.069531
T-shirt 164,3512000.0,3.95,3,XL,Women,2026-05-07 10:42:33.069532
Hoodie 165,6921280.0,4.95,3,XXL,Unisex,2026-05-07 10:42:33.069533
Outerwear 167,3273760.0,3.15,3,M,Women,2026-05-07 10:42:33.069535
Jacket 168,870400.0,4.45,3,L,Unisex,2026-05-07 10:42:33.069535
Crewneck 169,8032800.0,4.75,3,XL,Men,2026-05-07 10:42:33.069536
T-shirt 170,6677920.0,4.55,3,XXL,Women,2026-05-07 10:42:33.069537
Pants 172,1566080.0,4.95,3,M,Men,2026-05-07 10:42:33.069538
Outerwear 173,7034560.0,4.65,3,L,Women,2026-05-07 10:42:33.069539
Jacket 174,6282240.0,3.35,3,XL,Unisex,2026-05-07 10:42:33.069553
Crewneck 175,8125120.0,4.55,3,XXL,Men,2026-05-07 10:42:33.069554
T-shirt 176,6104320.0,3.65,3,S,Women,2026-05-07 10:42:33.069555
Hoodie 177,1890400.0,4.65,3,M,Unisex,2026-05-07 10:42:33.069556
Pants 178,6184160.0,3.05,3,L,Men,2026-05-07 10:42:33.069556
Outerwear 179,5816640.0,3.55,3,XL,Women,2026-05-07 10:42:33.069557
Jacket 180,5552640.0,3.95,3,XXL,Unisex,2026-05-07 10:42:33.069558
T-shirt 182,2334880.0,3.85,3,M,Women,2026-05-07 10:42:34.130318
Hoodie 183,3904640.0,3.65,3,L,Unisex,2026-05-07 10:42:34.130319
Pants 184,7759520.0,4.55,3,XL,Men,2026-05-07 10:42:34.130320
Outerwear 185,7822880.0,3.25,3,XXL,Women,2026-05-07 10:42:34.130320
Jacket 186,6940480.0,4.25,3,S,Unisex,2026-05-07 10:42:34.130321
Crewneck 187,6663520.0,3.85,3,M,Men,2026-05-07 10:42:34.130322
T-shirt 188,3927840.0,4.45,3,L,Women,2026-05-07 10:42:34.130323
Hoodie 189,1946720.0,4.05,3,XL,Unisex,2026-05-07 10:42:34.130323
Pants 190,2220960.0,4.55,3,XXL,Men,2026-05-07 10:42:34.130324
Jacket 192,5066240.0,3.85,3,M,Unisex,2026-05-07 10:42:34.130325
Crewneck 193,7355680.0,4.15,3,L,Men,2026-05-07 10:42:34.130326
T-shirt 194,2818720.0,4.95,3,XL,Women,2026-05-07 10:42:34.130327
Hoodie 195,7208960.0,4.95,3,XXL,Unisex,2026-05-07 10:42:34.130327
Outerwear 197,5681600.0,4.95,3,M,Women,2026-05-07 10:42:34.130329
Jacket 198,5435040.0,4.55,3,L,Unisex,2026-05-07 10:42:34.130330
Crewneck 199,6744320.0,3.15,3,XL,Men,2026-05-07 10:42:34.130330
T-shirt 200,6289920.0,3.55,3,XXL,Women,2026-05-07 10:42:34.130331
Pants 202,5592480.0,3.35,3,M,Men,2026-05-07 10:42:35.193406
Outerwear 203,2144000.0,3.45,3,L,Women,2026-05-07 10:42:35.193407
Jacket 204,6031040.0,3.95,3,XL,Unisex,2026-05-07 10:42:35.193408
Crewneck 205,6434880.0,3.25,3,XXL,Men,2026-05-07 10:42:35.193408
T-shirt 206,4674720.0,4.55,3,S,Women,2026-05-07 10:42:35.193409
Hoodie 207,6101440.0,3.55,3,M,Unisex,2026-05-07 10:42:35.193410
Pants 208,4637600.0,3.15,3,L,Men,2026-05-07 10:42:35.193410
Outerwear 209,7980640.0,4.35,3,XL,Women,2026-05-07 10:42:35.193411
Jacket 210,7827360.0,4.75,3,XXL,Unisex,2026-05-07 10:42:35.193412
T-shirt 212,8794880.0,4.75,3,M,Women,2026-05-07 10:42:35.193413
Hoodie 213,5748000.0,3.65,3,L,Unisex,2026-05-07 10:42:35.193414
Pants 214,4315680.0,4.95,3,XL,Men,2026-05-07 10:42:35.193414
Outerwear 215,1449600.0,3.85,3,XXL,Women,2026-05-07 10:42:35.193415
Jacket 216,4576480.0,4.65,3,S,Unisex,2026-05-07 10:42:35.193415
Crewneck 217,5772960.0,4.85,3,M,Men,2026-05-07 10:42:35.193416
T-shirt 218,5600320.0,3.15,3,L,Women,2026-05-07 10:42:35.193417
Hoodie 219,5671040.0,4.65,3,XL,Unisex,2026-05-07 10:42:35.193417
Pants 220,3357600.0,3.25,3,XXL,Men,2026-05-07 10:42:35.193418
Jacket 222,7438080.0,3.45,3,M,Unisex,2026-05-07 10:42:36.265370
Crewneck 223,952960.0,4.85,3,L,Men,2026-05-07 10:42:36.265371
T-shirt 224,3534560.0,4.55,3,XL,Women,2026-05-07 10:42:36.265372
Hoodie 225,5232800.0,3.55,3,XXL,Unisex,2026-05-07 10:42:36.265373
Outerwear 227,6742560.0,4.85,3,M,Women,2026-05-07 10:42:36.265375
Jacket 228,8076800.0,4.55,3,L,Unisex,2026-05-07 10:42:36.265375
Crewneck 229,3101920.0,4.95,3,XL,Men,2026-05-07 10:42:36.265376
T-shirt 230,7133280.0,4.55,3,XXL,Women,2026-05-07 10:42:36.265377
Pants 232,8327360.000000001,4.05,3,M,Men,2026-05-07 10:42:36.265378
Outerwear 233,847360.0,4.85,3,L,Women,2026-05-07 10:42:36.265379
Jacket 234,1159200.0,4.55,3,XL,Unisex,2026-05-07 10:42:36.265382
Crewneck 235,6560320.0,3.45,3,XXL,Men,2026-05-07 10:42:36.265382
T-shirt 236,5492320.0,3.95,3,S,Women,2026-05-07 10:42:36.265383
Hoodie 237,4743520.0,3.15,3,M,Unisex,2026-05-07 10:42:36.265384
Pants 238,8301920.0,3.85,3,L,Men,2026-05-07 10:42:36.265384
Outerwear 239,7934080.0,3.15,3,XL,Women,2026-05-07 10:42:36.265385
Jacket 240,7600000.0,3.85,3,XXL,Unisex,2026-05-07 10:42:36.265386
T-shirt 242,4833600.0,3.45,3,M,Women,2026-05-07 10:42:37.321816
Hoodie 243,3371680.0,3.15,3,L,Unisex,2026-05-07 10:42:37.321817
Pants 244,8116160.0,3.15,3,XL,Men,2026-05-07 10:42:37.321817
Outerwear 245,1451680.0,4.05,3,XXL,Women,2026-05-07 10:42:37.321818
Jacket 246,8735040.0,3.15,3,S,Unisex,2026-05-07 10:42:37.321818
Crewneck 247,8769120.0,3.05,3,M,Men,2026-05-07 10:42:37.321819
T-shirt 248,2280000.0,4.55,3,L,Women,2026-05-07 10:42:37.321819
Hoodie 249,2149440.0,4.25,3,XL,Unisex,2026-05-07 10:42:37.321820
Pants 250,4314240.0,3.15,3,XXL,Men,2026-05-07 10:42:37.321820
Jacket 252,8408480.0,3.25,3,M,Unisex,2026-05-07 10:42:37.321821
Crewneck 253,1854720.0,3.95,3,L,Men,2026-05-07 10:42:37.321821
T-shirt 254,5984160.0,3.95,3,XL,Women,2026-05-07 10:42:37.321822
Hoodie 255,3668000.0,4.15,3,XXL,Unisex,2026-05-07 10:42:37.321822
Outerwear 257,7073120.0,5.05,3,M,Women,2026-05-07 10:42:37.321823
Jacket 258,2080639.9999999998,4.75,3,L,Unisex,2026-05-07 10:42:37.321823
Crewneck 259,2275520.0,3.35,3,XL,Men,2026-05-07 10:42:37.321824
T-shirt 260,6271520.0,3.55,3,XXL,Women,2026-05-07 10:42:37.321824
Pants 262,1097760.0,3.45,3,M,Men,2026-05-07 10:42:38.383813
Outerwear 263,1878400.0,4.25,3,L,Women,2026-05-07 10:42:38.383814
Jacket 264,2063040.0,4.85,3,XL,Unisex,2026-05-07 10:42:38.383815
Crewneck 265,2483040.0,3.55,3,XXL,Men,2026-05-07 10:42:38.383816
T-shirt 266,4842080.0,4.65,3,S,Women,2026-05-07 10:42:38.383816
Hoodie 267,4086240.0,4.35,3,M,Unisex,2026-05-07 10:42:38.383817
Pants 268,5005120.0,3.65,3,L,Men,2026-05-07 10:42:38.383818
Outerwear 269,8073920.0,3.15,3,XL,Women,2026-05-07 10:42:38.383819
Jacket 270,2569120.0,4.25,3,XXL,Unisex,2026-05-07 10:42:38.383821
T-shirt 272,5811840.0,3.35,3,M,Women,2026-05-07 10:42:38.383822
Hoodie 273,5291360.0,4.95,3,L,Unisex,2026-05-07 10:42:38.383823
Pants 274,3669280.0,4.25,3,XL,Men,2026-05-07 10:42:38.383824
Outerwear 275,5575360.0,4.85,3,XXL,Women,2026-05-07 10:42:38.383824
Jacket 276,1013600.0,4.35,3,S,Unisex,2026-05-07 10:42:38.383825
Crewneck 277,2383680.0,4.75,3,M,Men,2026-05-07 10:42:38.383826
T-shirt 278,2087360.0000000002,3.85,3,L,Women,2026-05-07 10:42:38.383826
Hoodie 279,5592320.0,4.75,3,XL,Unisex,2026-05-07 10:42:38.383827
Pants 280,7501440.0,3.95,3,XXL,Men,2026-05-07 10:42:38.383828
Jacket 282,2227040.0,3.05,3,M,Unisex,2026-05-07 10:42:39.465566
Crewneck 283,6633120.0,3.25,3,L,Men,2026-05-07 10:42:39.465567
T-shirt 284,6568000.0,3.65,3,XL,Women,2026-05-07 10:42:39.465567
Hoodie 285,3009120.0,3.25,3,XXL,Unisex,2026-05-07 10:42:39.465568
Outerwear 287,5273600.0,3.75,3,M,Women,2026-05-07 10:42:39.465569
Jacket 288,3123040.0,4.15,3,L,Unisex,2026-05-07 10:42:39.465570
Crewneck 289,888000.0,4.05,3,XL,Men,2026-05-07 10:42:39.465570
T-shirt 290,6425120.0,4.25,3,XXL,Women,2026-05-07 10:42:39.465571
Pants 292,2384480.0,3.95,3,M,Men,2026-05-07 10:42:39.465572
Outerwear 293,1176160.0,4.55,3,L,Women,2026-05-07 10:42:39.465572
Jacket 294,5947200.0,3.85,3,XL,Unisex,2026-05-07 10:42:39.465573
Crewneck 295,7266720.0,4.95,3,XXL,Men,2026-05-07 10:42:39.465573
T-shirt 296,1172160.0,3.15,3,S,Women,2026-05-07 10:42:39.465574
Hoodie 297,7801120.0,3.65,3,M,Unisex,2026-05-07 10:42:39.465574
Pants 298,2426080.0,4.85,3,L,Men,2026-05-07 10:42:39.465575
Outerwear 299,1947840.0,4.35,3,XL,Women,2026-05-07 10:42:39.465575
Jacket 300,6408480.0,4.05,3,XXL,Unisex,2026-05-07 10:42:39.465576
T-shirt 302,5711200.0,3.25,3,M,Women,2026-05-07 10:42:40.538090
Hoodie 303,7974560.0,4.15,3,L,Unisex,2026-05-07 10:42:40.538091
Pants 304,7129760.0,3.45,3,XL,Men,2026-05-07 10:42:40.538092
Outerwear 305,6325440.0,4.55,3,XXL,Women,2026-05-07 10:42:40.538093
Jacket 306,7575040.0,4.25,3,S,Unisex,2026-05-07 10:42:40.538094
Crewneck 307,7735200.0,3.75,3,M,Men,2026-05-07 10:42:40.538095
T-shirt 308,4086080.0,4.15,3,L,Women,2026-05-07 10:42:40.538096
Hoodie 309,3953120.0,4.85,3,XL,Unisex,2026-05-07 10:42:40.538097
Pants 310,6329280.0,4.75,3,XXL,Men,2026-05-07 10:42:40.538115
Jacket 312,7267040.0,3.85,3,M,Unisex,2026-05-07 10:42:40.538116
Crewneck 313,1948320.0,3.15,3,L,Men,2026-05-07 10:42:40.538117
T-shirt 314,6017120.0,3.25,3,XL,Women,2026-05-07 10:42:40.538118
Hoodie 315,7022880.0,3.15,3,XXL,Unisex,2026-05-07 10:42:40.538119
Outerwear 317,5259040.0,3.35,3,M,Women,2026-05-07 10:42:40.538121
Jacket 318,5667200.0,3.75,3,L,Unisex,2026-05-07 10:42:40.538122
Crewneck 319,3085920.0,3.35,3,XL,Men,2026-05-07 10:42:40.538123
T-shirt 320,829440.0,3.35,3,XXL,Women,2026-05-07 10:42:40.538124
Pants 322,7810400.0,3.25,3,M,Men,2026-05-07 10:42:41.614743
Outerwear 323,8468000.0,3.15,3,L,Women,2026-05-07 10:42:41.614744
Jacket 324,6082720.0,3.35,3,XL,Unisex,2026-05-07 10:42:41.614745
Crewneck 325,3001760.0,3.45,3,XXL,Men,2026-05-07 10:42:41.614746
T-shirt 326,4519360.0,4.95,3,S,Women,2026-05-07 10:42:41.614747
Hoodie 327,6641440.0,4.45,3,M,Unisex,2026-05-07 10:42:41.614747
Pants 328,5732960.0,4.55,3,L,Men,2026-05-07 10:42:41.614748
Outerwear 329,6724160.0,4.75,3,XL,Women,2026-05-07 10:42:41.614749
Jacket 330,1591200.0,4.35,3,XXL,Unisex,2026-05-07 10:42:41.614749
T-shirt 332,2335680.0,3.45,3,M,Women,2026-05-07 10:42:41.614751
Hoodie 333,1746080.0,4.85,3,L,Unisex,2026-05-07 10:42:41.614751
Pants 334,2409440.0,3.85,3,XL,Men,2026-05-07 10:42:41.614752
Outerwear 335,2826720.0,3.05,3,XXL,Women,2026-05-07 10:42:41.614753
Jacket 336,6237760.0,5.05,3,S,Unisex,2026-05-07 10:42:41.614753
Crewneck 337,8608800.0,4.35,3,M,Men,2026-05-07 10:42:41.614754
T-shirt 338,2883360.0,3.95,3,L,Women,2026-05-07 10:42:41.614755
Hoodie 339,4424800.0,4.95,3,XL,Unisex,2026-05-07 10:42:41.614755
Pants 340,5975200.0,4.35,3,XXL,Men,2026-05-07 10:42:41.614756
Jacket 342,1827680.0,4.85,3,M,Unisex,2026-05-07 10:42:42.686336
Crewneck 343,2279040.0,4.15,3,L,Men,2026-05-07 10:42:42.686337
T-shirt 344,3415680.0,4.55,3,XL,Women,2026-05-07 10:42:42.686338
Hoodie 345,7577440.0,3.35,3,XXL,Unisex,2026-05-07 10:42:42.686338
Outerwear 347,6986080.0,4.75,3,M,Women,2026-05-07 10:42:42.686340
Jacket 348,3195040.0,4.65,3,L,Unisex,2026-05-07 10:42:42.686341
Crewneck 349,6085600.0,3.55,3,XL,Men,2026-05-07 10:42:42.686342
T-shirt 350,8047680.0,5.05,3,XXL,Women,2026-05-07 10:42:42.686342
Pants 352,2838880.0,4.05,3,M,Men,2026-05-07 10:42:42.686344
Outerwear 353,961600.0,3.65,3,L,Women,2026-05-07 10:42:42.686344
Jacket 354,2294720.0,3.85,3,XL,Unisex,2026-05-07 10:42:42.686347
Crewneck 355,4246560.0,3.25,3,XXL,Men,2026-05-07 10:42:42.686348
T-shirt 356,7150080.0,4.35,3,S,Women,2026-05-07 10:42:42.686349
Hoodie 357,3739360.0,3.65,3,M,Unisex,2026-05-07 10:42:42.686349
Pants 358,8479520.0,3.95,3,L,Men,2026-05-07 10:42:42.686350
Outerwear 359,1696480.0,4.35,3,XL,Women,2026-05-07 10:42:42.686351
Jacket 360,8788320.0,4.85,3,XXL,Unisex,2026-05-07 10:42:42.686352
T-shirt 362,4776800.0,5.05,3,M,Women,2026-05-07 10:42:43.776455
Hoodie 363,1171360.0,3.25,3,L,Unisex,2026-05-07 10:42:43.776456
Pants 364,4972800.0,4.85,3,XL,Men,2026-05-07 10:42:43.776457
Outerwear 365,6956480.0,4.55,3,XXL,Women,2026-05-07 10:42:43.776457
Jacket 366,5854880.0,4.95,3,S,Unisex,2026-05-07 10:42:43.776458
Crewneck 367,8359360.000000001,4.95,3,M,Men,2026-05-07 10:42:43.776459
T-shirt 368,965120.0,3.25,3,L,Women,2026-05-07 10:42:43.776460
Hoodie 369,7204960.0,4.75,3,XL,Unisex,2026-05-07 10:42:43.776460
Pants 370,4559680.0,3.65,3,XXL,Men,2026-05-07 10:42:43.776461
Jacket 372,5052960.0,3.65,3,M,Unisex,2026-05-07 10:42:43.776463
Crewneck 373,2231040.0,3.65,3,L,Men,2026-05-07 10:42:43.776463
T-shirt 374,7697120.0,3.95,3,XL,Women,2026-05-07 10:42:43.776464
Hoodie 375,7027520.0,3.95,3,XXL,Unisex,2026-05-07 10:42:43.776465
Outerwear 377,6802080.0,4.85,3,M,Women,2026-05-07 10:42:43.776466
Jacket 378,3402400.0,3.65,3,L,Unisex,2026-05-07 10:42:43.776467
Crewneck 379,3963200.0,4.45,3,XL,Men,2026-05-07 10:42:43.776467
T-shirt 380,2547040.0,3.85,3,XXL,Women,2026-05-07 10:42:43.776468
Pants 382,1356160.0,4.45,3,M,Men,2026-05-07 10:42:44.862079
Outerwear 383,3431040.0,3.45,3,L,Women,2026-05-07 10:42:44.862080
Jacket 384,1452960.0,3.35,3,XL,Unisex,2026-05-07 10:42:44.862081
Crewneck 385,7950720.0,4.95,3,XXL,Men,2026-05-07 10:42:44.862082
T-shirt 386,4793600.0,4.65,3,S,Women,2026-05-07 10:42:44.862083
Hoodie 387,8418080.0,4.25,3,M,Unisex,2026-05-07 10:42:44.862084
Pants 388,931200.0,3.15,3,L,Men,2026-05-07 10:42:44.862084
Outerwear 389,2883200.0,5.05,3,XL,Women,2026-05-07 10:42:44.862085
Jacket 390,5432960.0,3.35,3,XXL,Unisex,2026-05-07 10:42:44.862086
T-shirt 392,1226080.0,4.45,3,M,Women,2026-05-07 10:42:44.862087
Hoodie 393,4068480.0,3.25,3,L,Unisex,2026-05-07 10:42:44.862088
Pants 394,3540000.0,3.35,3,XL,Men,2026-05-07 10:42:44.862089
Outerwear 395,3098720.0,4.05,3,XXL,Women,2026-05-07 10:42:44.862089
Jacket 396,2505280.0,3.95,3,S,Unisex,2026-05-07 10:42:44.862090
Crewneck 397,855360.0,3.65,3,M,Men,2026-05-07 10:42:44.862091
T-shirt 398,4592800.0,4.75,3,L,Women,2026-05-07 10:42:44.862091
Hoodie 399,2523520.0,3.65,3,XL,Unisex,2026-05-07 10:42:44.862092
Pants 400,6020640.0,4.75,3,XXL,Men,2026-05-07 10:42:44.862093
Jacket 402,2029120.0,4.65,3,M,Unisex,2026-05-07 10:42:45.928582
Crewneck 403,1580320.0,4.15,3,L,Men,2026-05-07 10:42:45.928584
T-shirt 404,3501120.0,4.95,3,XL,Women,2026-05-07 10:42:45.928584
Hoodie 405,5080160.0,3.85,3,XXL,Unisex,2026-05-07 10:42:45.928585
Outerwear 407,2761280.0,3.75,3,M,Women,2026-05-07 10:42:45.928587
Jacket 408,4176000.0,4.95,3,L,Unisex,2026-05-07 10:42:45.928588
Crewneck 409,3221760.0,3.55,3,XL,Men,2026-05-07 10:42:45.928588
T-shirt 410,1586720.0,3.15,3,XXL,Women,2026-05-07 10:42:45.928589
Pants 412,5438240.0,4.45,3,M,Men,2026-05-07 10:42:45.928590
Outerwear 413,1306400.0,3.45,3,L,Women,2026-05-07 10:42:45.928591
Jacket 414,2234720.0,3.75,3,XL,Unisex,2026-05-07 10:42:45.928592
Crewneck 415,3617440.0,3.15,3,XXL,Men,2026-05-07 10:42:45.928592
T-shirt 416,4454080.0,3.15,3,S,Women,2026-05-07 10:42:45.928593
Hoodie 417,2769440.0,4.65,3,M,Unisex,2026-05-07 10:42:45.928594
Pants 418,6307840.0,5.05,3,L,Men,2026-05-07 10:42:45.928595
Outerwear 419,7004000.0,5.05,3,XL,Women,2026-05-07 10:42:45.928595
Jacket 420,2472640.0,3.15,3,XXL,Unisex,2026-05-07 10:42:45.928596
T-shirt 422,924320.0,3.95,3,M,Women,2026-05-07 10:42:47.001333
Hoodie 423,4601760.0,3.75,3,L,Unisex,2026-05-07 10:42:47.001334
Pants 424,3865760.0,4.45,3,XL,Men,2026-05-07 10:42:47.001335
Outerwear 425,2528480.0,4.85,3,XXL,Women,2026-05-07 10:42:47.001336
Jacket 426,3462400.0,3.45,3,S,Unisex,2026-05-07 10:42:47.001336
Crewneck 427,6375200.0,3.35,3,M,Men,2026-05-07 10:42:47.001337
T-shirt 428,7053120.0,4.95,3,L,Women,2026-05-07 10:42:47.001338
Hoodie 429,1658560.0,4.95,3,XL,Unisex,2026-05-07 10:42:47.001338
Pants 430,1442080.0,3.95,3,XXL,Men,2026-05-07 10:42:47.001339
Jacket 432,2151840.0,4.55,3,M,Unisex,2026-05-07 10:42:47.001340
Crewneck 433,3872480.0,4.25,3,L,Men,2026-05-07 10:42:47.001341
T-shirt 434,6557120.0,4.95,3,XL,Women,2026-05-07 10:42:47.001342
Hoodie 435,1015680.0,4.05,3,XXL,Unisex,2026-05-07 10:42:47.001343
Outerwear 437,1016800.0,3.95,3,M,Women,2026-05-07 10:42:47.001344
Jacket 438,2453120.0,4.55,3,L,Unisex,2026-05-07 10:42:47.001345
Crewneck 439,4005440.0,3.25,3,XL,Men,2026-05-07 10:42:47.001345
T-shirt 440,5326080.0,3.05,3,XXL,Women,2026-05-07 10:42:47.001346
Pants 442,4701600.0,4.35,3,M,Men,2026-05-07 10:42:48.070949
Outerwear 443,7262720.0,4.25,3,L,Women,2026-05-07 10:42:48.070950
Jacket 444,4016960.0,3.35,3,XL,Unisex,2026-05-07 10:42:48.070951
Crewneck 445,3574240.0,4.55,3,XXL,Men,2026-05-07 10:42:48.070952
T-shirt 446,7740160.0,3.25,3,S,Women,2026-05-07 10:42:48.070953
Hoodie 447,4748640.0,4.05,3,M,Unisex,2026-05-07 10:42:48.070954
Pants 448,820160.0,4.45,3,L,Men,2026-05-07 10:42:48.070954
Outerwear 449,6410080.0,4.05,3,XL,Women,2026-05-07 10:42:48.070955
Jacket 450,8754880.0,3.15,3,XXL,Unisex,2026-05-07 10:42:48.070956
T-shirt 452,6892800.0,4.45,3,M,Women,2026-05-07 10:42:48.070957
Hoodie 453,6576960.0,4.25,3,L,Unisex,2026-05-07 10:42:48.070958
Pants 454,2179520.0,5.05,3,XL,Men,2026-05-07 10:42:48.070959
Outerwear 455,1094080.0,4.85,3,XXL,Women,2026-05-07 10:42:48.070959
Jacket 456,8096000.0,4.15,3,S,Unisex,2026-05-07 10:42:48.070960
Crewneck 457,7342880.0,4.85,3,M,Men,2026-05-07 10:42:48.070961
T-shirt 458,4240000.0,4.45,3,L,Women,2026-05-07 10:42:48.070987
Hoodie 459,3237280.0,3.55,3,XL,Unisex,2026-05-07 10:42:48.070988
Pants 460,1880800.0,3.65,3,XXL,Men,2026-05-07 10:42:48.070989
Jacket 462,6767840.0,4.55,3,M,Unisex,2026-05-07 10:42:49.133149
Crewneck 463,7539520.0,4.55,3,L,Men,2026-05-07 10:42:49.133150
T-shirt 464,6070080.0,4.55,3,XL,Women,2026-05-07 10:42:49.133151
Hoodie 465,6164320.0,4.75,3,XXL,Unisex,2026-05-07 10:42:49.133152
Outerwear 467,1325920.0,3.55,3,M,Women,2026-05-07 10:42:49.133153
Jacket 468,4584960.0,3.75,3,L,Unisex,2026-05-07 10:42:49.133154
Crewneck 469,1738880.0,4.25,3,XL,Men,2026-05-07 10:42:49.133155
T-shirt 470,7738880.0,3.15,3,XXL,Women,2026-05-07 10:42:49.133156
Pants 472,3902080.0,3.15,3,M,Men,2026-05-07 10:42:49.133157
Outerwear 473,5478080.0,4.25,3,L,Women,2026-05-07 10:42:49.133158
Jacket 474,5864960.0,4.75,3,XL,Unisex,2026-05-07 10:42:49.133158
Crewneck 475,7017280.0,4.65,3,XXL,Men,2026-05-07 10:42:49.133159
T-shirt 476,3986240.0,4.35,3,S,Women,2026-05-07 10:42:49.133160
Hoodie 477,6626080.0,4.25,3,M,Unisex,2026-05-07 10:42:49.133161
Pants 478,4912000.0,3.85,3,L,Men,2026-05-07 10:42:49.133161
Outerwear 479,7302400.0,4.45,3,XL,Women,2026-05-07 10:42:49.133162
Jacket 480,4986240.0,4.25,3,XXL,Unisex,2026-05-07 10:42:49.133163
T-shirt 482,3352480.0,4.85,3,M,Women,2026-05-07 10:42:50.208107
Hoodie 483,4035040.0,4.25,3,L,Unisex,2026-05-07 10:42:50.208108
Pants 484,6428640.0,4.15,3,XL,Men,2026-05-07 10:42:50.208109
Outerwear 485,4044480.0,4.75,3,XXL,Women,2026-05-07 10:42:50.208110
Jacket 486,2573760.0,3.05,3,S,Unisex,2026-05-07 10:42:50.208111
Crewneck 487,6955520.0,3.75,3,M,Men,2026-05-07 10:42:50.208112
T-shirt 488,8789760.0,3.85,3,L,Women,2026-05-07 10:42:50.208112
Hoodie 489,3554560.0,5.05,3,XL,Unisex,2026-05-07 10:42:50.208113
Pants 490,7081600.0,3.15,3,XXL,Men,2026-05-07 10:42:50.208114
Jacket 492,6011840.0,3.05,3,M,Unisex,2026-05-07 10:42:50.208115
Crewneck 493,5071520.0,4.85,3,L,Men,2026-05-07 10:42:50.208116
T-shirt 494,1390080.0,3.45,3,XL,Women,2026-05-07 10:42:50.208116
Hoodie 495,1663200.0,4.55,3,XXL,Unisex,2026-05-07 10:42:50.208117
Outerwear 497,3957760.0,4.45,3,M,Women,2026-05-07 10:42:50.208119
Jacket 498,4412800.0,4.65,3,L,Unisex,2026-05-07 10:42:50.208119
Crewneck 499,7825920.0,4.15,3,XL,Men,2026-05-07 10:42:50.208120
T-shirt 500,8114400.0,4.25,3,XXL,Women,2026-05-07 10:42:50.208121
Pants 502,7132480.0,4.45,3,M,Men,2026-05-07 10:42:51.281373
Outerwear 503,4924480.0,4.85,3,L,Women,2026-05-07 10:42:51.281374
Jacket 504,8024480.0,5.05,3,XL,Unisex,2026-05-07 10:42:51.281375
Crewneck 505,8747680.0,4.35,3,XXL,Men,2026-05-07 10:42:51.281376
T-shirt 506,8572000.0,3.65,3,S,Women,2026-05-07 10:42:51.281377
Hoodie 507,6844000.0,4.75,3,M,Unisex,2026-05-07 10:42:51.281377
Pants 508,7766080.0,3.55,3,L,Men,2026-05-07 10:42:51.281378
Outerwear 509,7178400.0,3.15,3,XL,Women,2026-05-07 10:42:51.281379
Jacket 510,1562080.0,3.45,3,XXL,Unisex,2026-05-07 10:42:51.281380
T-shirt 512,4319680.0,3.75,3,M,Women,2026-05-07 10:42:51.281381
Hoodie 513,1693760.0,4.45,3,L,Unisex,2026-05-07 10:42:51.281382
Pants 514,6888960.0,3.95,3,XL,Men,2026-05-07 10:42:51.281382
Outerwear 515,7262560.0,3.15,3,XXL,Women,2026-05-07 10:42:51.281383
Jacket 516,7130720.0,3.45,3,S,Unisex,2026-05-07 10:42:51.281384
Crewneck 517,1069280.0,3.55,3,M,Men,2026-05-07 10:42:51.281385
T-shirt 518,2575680.0,4.15,3,L,Women,2026-05-07 10:42:51.281385
Hoodie 519,2236160.0,4.55,3,XL,Unisex,2026-05-07 10:42:51.281386
Pants 520,2308320.0,3.85,3,XXL,Men,2026-05-07 10:42:51.281387
Jacket 522,6292960.0,4.05,3,M,Unisex,2026-05-07 10:42:52.345459
Crewneck 523,3626720.0,4.65,3,L,Men,2026-05-07 10:42:52.345460
T-shirt 524,936000.0,3.85,3,XL,Women,2026-05-07 10:42:52.345460
Hoodie 525,7919040.0,3.65,3,XXL,Unisex,2026-05-07 10:42:52.345461
Outerwear 527,4669280.0,3.65,3,M,Women,2026-05-07 10:42:52.345462
Jacket 528,5595840.0,4.05,3,L,Unisex,2026-05-07 10:42:52.345462
Crewneck 529,1420160.0,3.25,3,XL,Men,2026-05-07 10:42:52.345462
T-shirt 530,6173760.0,3.35,3,XXL,Women,2026-05-07 10:42:52.345463
Pants 532,8391200.0,4.15,3,M,Men,2026-05-07 10:42:52.345464
Outerwear 533,3370240.0,4.25,3,L,Women,2026-05-07 10:42:52.345464
Jacket 534,3479200.0,3.75,3,XL,Unisex,2026-05-07 10:42:52.345464
Crewneck 535,3901280.0,3.75,3,XXL,Men,2026-05-07 10:42:52.345465
T-shirt 536,5092480.0,3.05,3,S,Women,2026-05-07 10:42:52.345465
Hoodie 537,8671840.0,3.15,3,M,Unisex,2026-05-07 10:42:52.345466
Pants 538,6134240.0,3.45,3,L,Men,2026-05-07 10:42:52.345466
Outerwear 539,4692640.0,4.75,3,XL,Women,2026-05-07 10:42:52.345467
Jacket 540,7051840.0,4.45,3,XXL,Unisex,2026-05-07 10:42:52.345467
T-shirt 542,4761440.0,3.55,3,M,Women,2026-05-07 10:42:53.417527
Hoodie 543,8715680.0,4.75,3,L,Unisex,2026-05-07 10:42:53.417528
Pants 544,5957760.0,3.15,3,XL,Men,2026-05-07 10:42:53.417529
Outerwear 545,3579360.0,4.05,3,XXL,Women,2026-05-07 10:42:53.417530
Jacket 546,6271520.0,3.35,3,S,Unisex,2026-05-07 10:42:53.417531
Crewneck 547,5361120.0,3.95,3,M,Men,2026-05-07 10:42:53.417531
T-shirt 548,2686240.0,4.65,3,L,Women,2026-05-07 10:42:53.417532
Hoodie 549,2687200.0,3.75,3,XL,Unisex,2026-05-07 10:42:53.417533
Pants 550,4450080.0,4.95,3,XXL,Men,2026-05-07 10:42:53.417533
Jacket 552,5380320.0,4.15,3,M,Unisex,2026-05-07 10:42:53.417535
Crewneck 553,7760800.0,3.85,3,L,Men,2026-05-07 10:42:53.417535
T-shirt 554,4001120.0,4.55,3,XL,Women,2026-05-07 10:42:53.417536
Hoodie 555,1809600.0,3.05,3,XXL,Unisex,2026-05-07 10:42:53.417537
Outerwear 557,5460480.0,3.45,3,M,Women,2026-05-07 10:42:53.417538
Jacket 558,5007040.0,4.05,3,L,Unisex,2026-05-07 10:42:53.417539
Crewneck 559,1590880.0,3.55,3,XL,Men,2026-05-07 10:42:53.417540
T-shirt 560,6885280.0,4.25,3,XXL,Women,2026-05-07 10:42:53.417540
Pants 562,3724160.0,4.55,3,M,Men,2026-05-07 10:42:54.490066
Outerwear 563,8197440.000000001,4.75,3,L,Women,2026-05-07 10:42:54.490067
Jacket 564,8319200.000000001,4.35,3,XL,Unisex,2026-05-07 10:42:54.490068
Crewneck 565,7635200.0,3.55,3,XXL,Men,2026-05-07 10:42:54.490069
T-shirt 566,2611360.0,4.65,3,S,Women,2026-05-07 10:42:54.490070
Hoodie 567,4576160.0,3.25,3,M,Unisex,2026-05-07 10:42:54.490071
Pants 568,2984160.0,3.35,3,L,Men,2026-05-07 10:42:54.490071
Outerwear 569,4966880.0,4.75,3,XL,Women,2026-05-07 10:42:54.490072
Jacket 570,4000960.0,3.95,3,XXL,Unisex,2026-05-07 10:42:54.490073
T-shirt 572,4756320.0,3.25,3,M,Women,2026-05-07 10:42:54.490074
Hoodie 573,6954080.0,4.55,3,L,Unisex,2026-05-07 10:42:54.490075
Pants 574,2424000.0,3.85,3,XL,Men,2026-05-07 10:42:54.490076
Outerwear 575,3517760.0,3.45,3,XXL,Women,2026-05-07 10:42:54.490076
Jacket 576,805600.0,3.55,3,S,Unisex,2026-05-07 10:42:54.490077
Crewneck 577,7873920.0,3.35,3,M,Men,2026-05-07 10:42:54.490078
T-shirt 578,7958880.0,4.15,3,L,Women,2026-05-07 10:42:54.490079
Hoodie 579,4428640.0,4.45,3,XL,Unisex,2026-05-07 10:42:54.490079
Pants 580,2625440.0,3.35,3,XXL,Men,2026-05-07 10:42:54.490080
Jacket 582,4112160.0,4.15,3,M,Unisex,2026-05-07 10:42:55.571634
Crewneck 583,5737760.0,4.55,3,L,Men,2026-05-07 10:42:55.571635
T-shirt 584,6964960.0,4.85,3,XL,Women,2026-05-07 10:42:55.571636
Hoodie 585,6186880.0,4.95,3,XXL,Unisex,2026-05-07 10:42:55.571637
Outerwear 587,4424960.0,4.45,3,M,Women,2026-05-07 10:42:55.571639
Jacket 588,4963040.0,4.75,3,L,Unisex,2026-05-07 10:42:55.571639
Crewneck 589,931840.0,4.75,3,XL,Men,2026-05-07 10:42:55.571640
T-shirt 590,6457120.0,3.95,3,XXL,Women,2026-05-07 10:42:55.571641
Pants 592,6805440.0,4.35,3,M,Men,2026-05-07 10:42:55.571642
Outerwear 593,7163840.0,3.95,3,L,Women,2026-05-07 10:42:55.571643
Jacket 594,8707680.0,4.25,3,XL,Unisex,2026-05-07 10:42:55.571646
Crewneck 595,3723840.0,3.55,3,XXL,Men,2026-05-07 10:42:55.571647
T-shirt 596,8290400.0,4.45,3,S,Women,2026-05-07 10:42:55.571647
Hoodie 597,7969440.0,3.35,3,M,Unisex,2026-05-07 10:42:55.571648
Pants 598,4714080.0,4.15,3,L,Men,2026-05-07 10:42:55.571649
Outerwear 599,1179040.0,3.35,3,XL,Women,2026-05-07 10:42:55.571649
Jacket 600,6414080.0,3.05,3,XXL,Unisex,2026-05-07 10:42:55.571650
T-shirt 602,2260960.0,4.45,3,M,Women,2026-05-07 10:42:56.649655
Hoodie 603,7511520.0,3.15,3,L,Unisex,2026-05-07 10:42:56.649656
Pants 604,7662240.0,4.35,3,XL,Men,2026-05-07 10:42:56.649656
Outerwear 605,1710720.0,3.75,3,XXL,Women,2026-05-07 10:42:56.649657
Jacket 606,5770720.0,4.65,3,S,Unisex,2026-05-07 10:42:56.649658
Crewneck 607,3857600.0,3.15,3,M,Men,2026-05-07 10:42:56.649658
T-shirt 608,7047840.0,4.65,3,L,Women,2026-05-07 10:42:56.649659
Hoodie 609,2956320.0,4.15,3,XL,Unisex,2026-05-07 10:42:56.649659
Pants 610,4515360.0,3.35,3,XXL,Men,2026-05-07 10:42:56.649660
Jacket 612,3202720.0,3.15,3,M,Unisex,2026-05-07 10:42:56.649661
Crewneck 613,1013920.0,3.65,3,L,Men,2026-05-07 10:42:56.649662
T-shirt 614,2428160.0,3.15,3,XL,Women,2026-05-07 10:42:56.649662
Hoodie 615,4798720.0,4.85,3,XXL,Unisex,2026-05-07 10:42:56.649663
Outerwear 617,1765920.0,4.35,3,M,Women,2026-05-07 10:42:56.649664
Jacket 618,6474080.0,3.35,3,L,Unisex,2026-05-07 10:42:56.649665
Crewneck 619,8340639.999999999,4.45,3,XL,Men,2026-05-07 10:42:56.649665
T-shirt 620,2270240.0,3.35,3,XXL,Women,2026-05-07 10:42:56.649666
Pants 622,4849600.0,3.55,3,M,Men,2026-05-07 10:42:57.720688
Outerwear 623,7299520.0,4.65,3,L,Women,2026-05-07 10:42:57.720689
Jacket 624,6943200.0,3.95,3,XL,Unisex,2026-05-07 10:42:57.720690
Crewneck 625,7826400.0,4.15,3,XXL,Men,2026-05-07 10:42:57.720691
T-shirt 626,7777440.0,4.55,3,S,Women,2026-05-07 10:42:57.720692
Hoodie 627,1232320.0,3.25,3,M,Unisex,2026-05-07 10:42:57.720693
Pants 628,8113120.0,4.35,3,L,Men,2026-05-07 10:42:57.720694
Outerwear 629,3997920.0,4.45,3,XL,Women,2026-05-07 10:42:57.720695
Jacket 630,1003680.0,3.85,3,XXL,Unisex,2026-05-07 10:42:57.720696
T-shirt 632,4314240.0,3.65,3,M,Women,2026-05-07 10:42:57.720697
Hoodie 633,3128000.0,3.15,3,L,Unisex,2026-05-07 10:42:57.720698
Pants 634,8535680.0,3.95,3,XL,Men,2026-05-07 10:42:57.720699
Outerwear 635,6897120.0,4.15,3,XXL,Women,2026-05-07 10:42:57.720700
Jacket 636,3476320.0,4.55,3,S,Unisex,2026-05-07 10:42:57.720701
Crewneck 637,6030240.0,4.05,3,M,Men,2026-05-07 10:42:57.720702
T-shirt 638,5220960.0,4.65,3,L,Women,2026-05-07 10:42:57.720703
Hoodie 639,6782720.0,4.75,3,XL,Unisex,2026-05-07 10:42:57.720703
Pants 640,3038560.0,3.85,3,XXL,Men,2026-05-07 10:42:57.720704
Jacket 642,7747360.0,4.75,3,M,Unisex,2026-05-07 10:42:59.201684
Crewneck 643,6116000.0,3.25,3,L,Men,2026-05-07 10:42:59.201685
T-shirt 644,7479360.0,4.25,3,XL,Women,2026-05-07 10:42:59.201686
Hoodie 645,3285440.0,3.35,3,XXL,Unisex,2026-05-07 10:42:59.201687
Outerwear 647,4304960.0,3.85,3,M,Women,2026-05-07 10:42:59.201688
Jacket 648,8699520.0,4.55,3,L,Unisex,2026-05-07 10:42:59.201689
Crewneck 649,8588160.0,3.25,3,XL,Men,2026-05-07 10:42:59.201690
T-shirt 650,8012800.0,3.45,3,XXL,Women,2026-05-07 10:42:59.201690
Pants 652,6084960.0,3.35,3,M,Men,2026-05-07 10:42:59.201692
Outerwear 653,2622080.0,4.05,3,L,Women,2026-05-07 10:42:59.201692
Jacket 654,4089440.0,4.75,3,XL,Unisex,2026-05-07 10:42:59.201693
Crewneck 655,1834240.0,4.15,3,XXL,Men,2026-05-07 10:42:59.201694
T-shirt 656,2538720.0,4.25,3,S,Women,2026-05-07 10:42:59.201694
Hoodie 657,8459040.0,4.85,3,M,Unisex,2026-05-07 10:42:59.201695
Pants 658,6268320.0,3.85,3,L,Men,2026-05-07 10:42:59.201696
Outerwear 659,1817920.0,3.35,3,XL,Women,2026-05-07 10:42:59.201696
Jacket 660,8715200.0,3.55,3,XXL,Unisex,2026-05-07 10:42:59.201697
T-shirt 662,1422720.0,4.55,3,M,Women,2026-05-07 10:43:00.279432
Hoodie 663,7087200.0,4.05,3,L,Unisex,2026-05-07 10:43:00.279433
Pants 664,8248639.999999999,3.55,3,XL,Men,2026-05-07 10:43:00.279434
Outerwear 665,4033600.0,3.25,3,XXL,Women,2026-05-07 10:43:00.279434
Jacket 666,4844000.0,3.95,3,S,Unisex,2026-05-07 10:43:00.279435
Crewneck 667,1756640.0,3.75,3,M,Men,2026-05-07 10:43:00.279435
T-shirt 668,5044640.0,3.75,3,L,Women,2026-05-07 10:43:00.279436
Hoodie 669,2346080.0,3.35,3,XL,Unisex,2026-05-07 10:43:00.279436
Pants 670,8406720.0,4.85,3,XXL,Men,2026-05-07 10:43:00.279437
Jacket 672,4776160.0,4.55,3,M,Unisex,2026-05-07 10:43:00.279438
Crewneck 673,2803360.0,4.75,3,L,Men,2026-05-07 10:43:00.279438
T-shirt 674,3156640.0,3.15,3,XL,Women,2026-05-07 10:43:00.279440
Hoodie 675,4314880.0,3.25,3,XXL,Unisex,2026-05-07 10:43:00.279441
Outerwear 677,4657440.0,3.35,3,M,Women,2026-05-07 10:43:00.279442
Jacket 678,2777120.0,4.35,3,L,Unisex,2026-05-07 10:43:00.279442
Crewneck 679,6373120.0,3.25,3,XL,Men,2026-05-07 10:43:00.279443
T-shirt 680,8164800.0,3.25,3,XXL,Women,2026-05-07 10:43:00.279443
Pants 682,7616480.0,3.95,3,M,Men,2026-05-07 10:43:01.347078
Outerwear 683,3907360.0,3.65,3,L,Women,2026-05-07 10:43:01.347079
Jacket 684,7102560.0,3.55,3,XL,Unisex,2026-05-07 10:43:01.347080
Crewneck 685,1495840.0,4.65,3,XXL,Men,2026-05-07 10:43:01.347081
T-shirt 686,5381760.0,3.85,3,S,Women,2026-05-07 10:43:01.347082
Hoodie 687,4220800.0,4.75,3,M,Unisex,2026-05-07 10:43:01.347082
Pants 688,1487520.0,4.45,3,L,Men,2026-05-07 10:43:01.347083
Outerwear 689,1939040.0,4.65,3,XL,Women,2026-05-07 10:43:01.347084
Jacket 690,8782560.0,4.75,3,XXL,Unisex,2026-05-07 10:43:01.347085
T-shirt 692,1416480.0,4.15,3,M,Women,2026-05-07 10:43:01.347086
Hoodie 693,3031680.0,4.15,3,L,Unisex,2026-05-07 10:43:01.347087
Pants 694,2466720.0,3.45,3,XL,Men,2026-05-07 10:43:01.347087
Outerwear 695,959360.0,3.35,3,XXL,Women,2026-05-07 10:43:01.347088
Jacket 696,5146240.0,4.25,3,S,Unisex,2026-05-07 10:43:01.347089
Crewneck 697,6545120.0,5.05,3,M,Men,2026-05-07 10:43:01.347090
T-shirt 698,2444960.0,4.15,3,L,Women,2026-05-07 10:43:01.347091
Hoodie 699,5250240.0,4.55,3,XL,Unisex,2026-05-07 10:43:01.347091
Pants 700,3526560.0,4.35,3,XXL,Men,2026-05-07 10:43:01.347092
Jacket 702,4927680.0,4.35,3,M,Unisex,2026-05-07 10:43:02.411176
Crewneck 703,2949120.0,4.25,3,L,Men,2026-05-07 10:43:02.411177
T-shirt 704,6214240.0,4.15,3,XL,Women,2026-05-07 10:43:02.411177
Hoodie 705,3042880.0,3.15,3,XXL,Unisex,2026-05-07 10:43:02.411178
Outerwear 707,7746240.0,4.45,3,M,Women,2026-05-07 10:43:02.411179
Jacket 708,8541280.0,4.35,3,L,Unisex,2026-05-07 10:43:02.411179
Crewneck 709,7022400.0,3.95,3,XL,Men,2026-05-07 10:43:02.411179
T-shirt 710,3751520.0,3.25,3,XXL,Women,2026-05-07 10:43:02.411180
Pants 712,1510400.0,4.15,3,M,Men,2026-05-07 10:43:02.411181
Outerwear 713,3142880.0,4.45,3,L,Women,2026-05-07 10:43:02.411181
Jacket 714,892320.0,3.15,3,XL,Unisex,2026-05-07 10:43:02.411182
Crewneck 715,7021760.0,3.95,3,XXL,Men,2026-05-07 10:43:02.411182
T-shirt 716,3602560.0,4.95,3,S,Women,2026-05-07 10:43:02.411182
Hoodie 717,1532800.0,3.65,3,M,Unisex,2026-05-07 10:43:02.411183
Pants 718,4057120.0,3.25,3,L,Men,2026-05-07 10:43:02.411183
Outerwear 719,3172960.0,4.75,3,XL,Women,2026-05-07 10:43:02.411184
Jacket 720,2028320.0,3.85,3,XXL,Unisex,2026-05-07 10:43:02.411184
T-shirt 722,8724320.0,3.25,3,M,Women,2026-05-07 10:43:03.490558
Hoodie 723,5664800.0,3.45,3,L,Unisex,2026-05-07 10:43:03.490559
Pants 724,4824800.0,4.75,3,XL,Men,2026-05-07 10:43:03.490559
Outerwear 725,4979200.0,3.05,3,XXL,Women,2026-05-07 10:43:03.490560
Jacket 726,6345920.0,3.55,3,S,Unisex,2026-05-07 10:43:03.490561
Crewneck 727,4024000.0,4.85,3,M,Men,2026-05-07 10:43:03.490562
T-shirt 728,8173440.0,3.05,3,L,Women,2026-05-07 10:43:03.490562
Hoodie 729,6431360.0,3.65,3,XL,Unisex,2026-05-07 10:43:03.490563
Pants 730,7228800.0,4.55,3,XXL,Men,2026-05-07 10:43:03.490564
Jacket 732,6597600.0,3.95,3,M,Unisex,2026-05-07 10:43:03.490565
Crewneck 733,1162880.0,4.75,3,L,Men,2026-05-07 10:43:03.490566
T-shirt 734,6858560.0,4.25,3,XL,Women,2026-05-07 10:43:03.490567
Hoodie 735,4664320.0,4.05,3,XXL,Unisex,2026-05-07 10:43:03.490567
Outerwear 737,1015680.0,4.75,3,M,Women,2026-05-07 10:43:03.490569
Jacket 738,1893920.0,3.75,3,L,Unisex,2026-05-07 10:43:03.490569
Crewneck 739,8072960.0,3.35,3,XL,Men,2026-05-07 10:43:03.490570
T-shirt 740,7016640.0,3.45,3,XXL,Women,2026-05-07 10:43:03.490571
Pants 742,5626080.0,3.65,3,M,Men,2026-05-07 10:43:04.569933
Outerwear 743,5678080.0,3.05,3,L,Women,2026-05-07 10:43:04.569934
Jacket 744,5175680.0,4.15,3,XL,Unisex,2026-05-07 10:43:04.569935
Crewneck 745,2882560.0,3.85,3,XXL,Men,2026-05-07 10:43:04.569935
T-shirt 746,1517440.0,5.05,3,S,Women,2026-05-07 10:43:04.569936
Hoodie 747,6326880.0,4.75,3,M,Unisex,2026-05-07 10:43:04.569937
Pants 748,3134080.0,3.75,3,L,Men,2026-05-07 10:43:04.569938
Outerwear 749,2627360.0,3.25,3,XL,Women,2026-05-07 10:43:04.569938
Jacket 750,1030400.0000000001,3.75,3,XXL,Unisex,2026-05-07 10:43:04.569939
T-shirt 752,7431520.0,3.85,3,M,Women,2026-05-07 10:43:04.569940
Hoodie 753,8137600.0,4.85,3,L,Unisex,2026-05-07 10:43:04.569941
Pants 754,7229760.0,3.15,3,XL,Men,2026-05-07 10:43:04.569942
Outerwear 755,6910400.0,4.65,3,XXL,Women,2026-05-07 10:43:04.569942
Jacket 756,7128000.0,3.15,3,S,Unisex,2026-05-07 10:43:04.569943
Crewneck 757,7582720.0,4.45,3,M,Men,2026-05-07 10:43:04.569944
T-shirt 758,6025920.0,3.15,3,L,Women,2026-05-07 10:43:04.569944
Hoodie 759,2779840.0,4.75,3,XL,Unisex,2026-05-07 10:43:04.569945
Pants 760,2191040.0,4.15,3,XXL,Men,2026-05-07 10:43:04.569946
Jacket 762,4091840.0,4.95,3,M,Unisex,2026-05-07 10:43:05.648330
Crewneck 763,5792640.0,3.95,3,L,Men,2026-05-07 10:43:05.648331
T-shirt 764,7211680.0,3.45,3,XL,Women,2026-05-07 10:43:05.648332
Hoodie 765,1343360.0,4.95,3,XXL,Unisex,2026-05-07 10:43:05.648333
Outerwear 767,4152800.0,4.55,3,M,Women,2026-05-07 10:43:05.648334
Jacket 768,5662080.0,4.95,3,L,Unisex,2026-05-07 10:43:05.648335
Crewneck 769,6294560.0,3.35,3,XL,Men,2026-05-07 10:43:05.648336
T-shirt 770,1655040.0,3.55,3,XXL,Women,2026-05-07 10:43:05.648336
Pants 772,8748160.0,3.45,3,M,Men,2026-05-07 10:43:05.648338
Outerwear 773,3393600.0,3.25,3,L,Women,2026-05-07 10:43:05.648338
Jacket 774,1485760.0,4.15,3,XL,Unisex,2026-05-07 10:43:05.648339
Crewneck 775,8189440.0,3.15,3,XXL,Men,2026-05-07 10:43:05.648340
T-shirt 776,5333120.0,3.75,3,S,Women,2026-05-07 10:43:05.648341
Hoodie 777,6104800.0,3.45,3,M,Unisex,2026-05-07 10:43:05.648341
Pants 778,6034720.0,4.25,3,L,Men,2026-05-07 10:43:05.648342
Outerwear 779,5816480.0,3.25,3,XL,Women,2026-05-07 10:43:05.648343
Jacket 780,2767520.0,3.45,3,XXL,Unisex,2026-05-07 10:43:05.648343
T-shirt 782,4117439.9999999995,4.55,3,M,Women,2026-05-07 10:43:06.712392
Hoodie 783,2510720.0,3.05,3,L,Unisex,2026-05-07 10:43:06.712393
Pants 784,5341280.0,3.05,3,XL,Men,2026-05-07 10:43:06.712394
Outerwear 785,6444480.0,4.35,3,XXL,Women,2026-05-07 10:43:06.712394
Jacket 786,6749280.0,5.05,3,S,Unisex,2026-05-07 10:43:06.712395
Crewneck 787,4593600.0,4.75,3,M,Men,2026-05-07 10:43:06.712396
T-shirt 788,3041120.0,4.75,3,L,Women,2026-05-07 10:43:06.712397
Hoodie 789,2153280.0,4.05,3,XL,Unisex,2026-05-07 10:43:06.712397
Pants 790,1708320.0,3.25,3,XXL,Men,2026-05-07 10:43:06.712398
Jacket 792,4068960.0,3.85,3,M,Unisex,2026-05-07 10:43:06.712399
Crewneck 793,8650080.0,4.05,3,L,Men,2026-05-07 10:43:06.712400
T-shirt 794,5983040.0,4.05,3,XL,Women,2026-05-07 10:43:06.712401
Hoodie 795,4209600.0,3.95,3,XXL,Unisex,2026-05-07 10:43:06.712402
Outerwear 797,2771360.0,4.95,3,M,Women,2026-05-07 10:43:06.712403
Jacket 798,4391040.0,3.45,3,L,Unisex,2026-05-07 10:43:06.712404
Crewneck 799,4048800.0,4.25,3,XL,Men,2026-05-07 10:43:06.712404
T-shirt 800,7433280.0,4.65,3,XXL,Women,2026-05-07 10:43:06.712405
Pants 802,5710240.0,4.45,3,M,Men,2026-05-07 10:43:07.782984
Outerwear 803,1875360.0,4.35,3,L,Women,2026-05-07 10:43:07.782985
Jacket 804,4459040.0,3.95,3,XL,Unisex,2026-05-07 10:43:07.782986
Crewneck 805,3266720.0,4.85,3,XXL,Men,2026-05-07 10:43:07.782986
T-shirt 806,7310560.0,3.05,3,S,Women,2026-05-07 10:43:07.782987
Hoodie 807,5016000.0,4.75,3,M,Unisex,2026-05-07 10:43:07.782988
Pants 808,8717760.0,3.25,3,L,Men,2026-05-07 10:43:07.782988
Outerwear 809,7162560.0,3.75,3,XL,Women,2026-05-07 10:43:07.782990
Jacket 810,3796640.0,4.85,3,XXL,Unisex,2026-05-07 10:43:07.782990
T-shirt 812,6406080.0,4.25,3,M,Women,2026-05-07 10:43:07.782992
Hoodie 813,4872800.0,5.05,3,L,Unisex,2026-05-07 10:43:07.782992
Pants 814,1110080.0,4.75,3,XL,Men,2026-05-07 10:43:07.782993
Outerwear 815,5985440.0,4.85,3,XXL,Women,2026-05-07 10:43:07.782994
Jacket 816,1649120.0,4.55,3,S,Unisex,2026-05-07 10:43:07.782994
Crewneck 817,8744160.0,4.45,3,M,Men,2026-05-07 10:43:07.782995
T-shirt 818,5160320.0,3.85,3,L,Women,2026-05-07 10:43:07.782996
Hoodie 819,4742400.0,4.75,3,XL,Unisex,2026-05-07 10:43:07.782997
Pants 820,6030720.0,3.45,3,XXL,Men,2026-05-07 10:43:07.782997
Jacket 822,838240.0,4.25,3,M,Unisex,2026-05-07 10:43:08.846186
Crewneck 823,6103520.0,4.75,3,L,Men,2026-05-07 10:43:08.846187
T-shirt 824,3301440.0,4.15,3,XL,Women,2026-05-07 10:43:08.846188
Hoodie 825,1058400.0,3.85,3,XXL,Unisex,2026-05-07 10:43:08.846189
Outerwear 827,7091040.0,4.85,3,M,Women,2026-05-07 10:43:08.846190
Jacket 828,2324000.0,4.65,3,L,Unisex,2026-05-07 10:43:08.846191
Crewneck 829,4630400.0,4.45,3,XL,Men,2026-05-07 10:43:08.846191
T-shirt 830,4496480.0,3.05,3,XXL,Women,2026-05-07 10:43:08.846192
Pants 832,3955360.0,4.65,3,M,Men,2026-05-07 10:43:08.846194
Outerwear 833,7101280.0,3.05,3,L,Women,2026-05-07 10:43:08.846194
Jacket 834,7223680.0,3.15,3,XL,Unisex,2026-05-07 10:43:08.846195
Crewneck 835,7143360.0,3.95,3,XXL,Men,2026-05-07 10:43:08.846196
T-shirt 836,6065440.0,4.15,3,S,Women,2026-05-07 10:43:08.846197
Hoodie 837,5532640.0,5.05,3,M,Unisex,2026-05-07 10:43:08.846197
Pants 838,2848800.0,3.15,3,L,Men,2026-05-07 10:43:08.846198
Outerwear 839,4208320.0,3.95,3,XL,Women,2026-05-07 10:43:08.846199
Jacket 840,8164640.0,3.65,3,XXL,Unisex,2026-05-07 10:43:08.846199
T-shirt 842,2859040.0,3.35,3,M,Women,2026-05-07 10:43:09.916312
Hoodie 843,2997120.0,3.65,3,L,Unisex,2026-05-07 10:43:09.916313
Pants 844,7422880.0,3.95,3,XL,Men,2026-05-07 10:43:09.916314
Outerwear 845,2023200.0,3.25,3,XXL,Women,2026-05-07 10:43:09.916315
Jacket 846,7480480.0,3.65,3,S,Unisex,2026-05-07 10:43:09.916315
Crewneck 847,4789920.0,3.75,3,M,Men,2026-05-07 10:43:09.916316
T-shirt 848,6134240.0,4.15,3,L,Women,2026-05-07 10:43:09.916317
Hoodie 849,7816160.0,3.55,3,XL,Unisex,2026-05-07 10:43:09.916318
Pants 850,4144160.0,4.25,3,XXL,Men,2026-05-07 10:43:09.916318
Jacket 852,2777280.0,4.15,3,M,Unisex,2026-05-07 10:43:09.916320
Crewneck 853,2643840.0,3.45,3,L,Men,2026-05-07 10:43:09.916320
T-shirt 854,1600000.0,4.55,3,XL,Women,2026-05-07 10:43:09.916321
Hoodie 855,3249760.0,5.05,3,XXL,Unisex,2026-05-07 10:43:09.916322
Outerwear 857,4532800.0,3.05,3,M,Women,2026-05-07 10:43:09.916323
Jacket 858,3748640.0,3.75,3,L,Unisex,2026-05-07 10:43:09.916324
Crewneck 859,6418560.0,3.05,3,XL,Men,2026-05-07 10:43:09.916324
T-shirt 860,2419360.0,4.75,3,XXL,Women,2026-05-07 10:43:09.916325
Pants 862,4131359.9999999995,3.35,3,M,Men,2026-05-07 10:43:10.990717
Outerwear 863,1071360.0,4.05,3,L,Women,2026-05-07 10:43:10.990718
Jacket 864,2168000.0,4.55,3,XL,Unisex,2026-05-07 10:43:10.990719
Crewneck 865,6805120.0,3.95,3,XXL,Men,2026-05-07 10:43:10.990720
T-shirt 866,2399040.0,3.25,3,S,Women,2026-05-07 10:43:10.990721
Hoodie 867,1303840.0,3.35,3,M,Unisex,2026-05-07 10:43:10.990721
Pants 868,7473760.0,4.65,3,L,Men,2026-05-07 10:43:10.990722
Outerwear 869,6040320.0,4.55,3,XL,Women,2026-05-07 10:43:10.990723
Jacket 870,6395040.0,3.55,3,XXL,Unisex,2026-05-07 10:43:10.990724
T-shirt 872,1343680.0,4.35,3,M,Women,2026-05-07 10:43:10.990725
Hoodie 873,8321600.0,4.85,3,L,Unisex,2026-05-07 10:43:10.990726
Pants 874,2755200.0,4.45,3,XL,Men,2026-05-07 10:43:10.990726
Outerwear 875,2506720.0,4.65,3,XXL,Women,2026-05-07 10:43:10.990727
Jacket 876,3225760.0,4.65,3,S,Unisex,2026-05-07 10:43:10.990728
Crewneck 877,4552640.0,4.65,3,M,Men,2026-05-07 10:43:10.990729
T-shirt 878,4809760.0,4.75,3,L,Women,2026-05-07 10:43:10.990729
Hoodie 879,1026880.0000000001,3.15,3,XL,Unisex,2026-05-07 10:43:10.990730
Pants 880,6497760.0,4.35,3,XXL,Men,2026-05-07 10:43:10.990731
Jacket 882,6420960.0,3.35,3,M,Unisex,2026-05-07 10:43:12.068516
Crewneck 883,5901120.0,3.65,3,L,Men,2026-05-07 10:43:12.068517
T-shirt 884,7414720.0,4.35,3,XL,Women,2026-05-07 10:43:12.068518
Hoodie 885,4760640.0,3.45,3,XXL,Unisex,2026-05-07 10:43:12.068519
Outerwear 887,7806400.0,3.85,3,M,Women,2026-05-07 10:43:12.068521
Jacket 888,7869280.0,4.25,3,L,Unisex,2026-05-07 10:43:12.068521
Crewneck 889,6333920.0,4.65,3,XL,Men,2026-05-07 10:43:12.068522
T-shirt 890,6439040.0,4.75,3,XXL,Women,2026-05-07 10:43:12.068523
Pants 892,8515360.0,4.45,3,M,Men,2026-05-07 10:43:12.068524
Outerwear 893,2673600.0,3.25,3,L,Women,2026-05-07 10:43:12.068525
Jacket 894,2946560.0,4.85,3,XL,Unisex,2026-05-07 10:43:12.068525
Crewneck 895,1126720.0,4.35,3,XXL,Men,2026-05-07 10:43:12.068526
T-shirt 896,7873760.0,4.95,3,S,Women,2026-05-07 10:43:12.068527
Hoodie 897,6077920.0,3.15,3,M,Unisex,2026-05-07 10:43:12.068528
Pants 898,8408640.0,4.15,3,L,Men,2026-05-07 10:43:12.068528
Outerwear 899,6192960.0,4.85,3,XL,Women,2026-05-07 10:43:12.068529
Jacket 900,7214240.0,3.35,3,XXL,Unisex,2026-05-07 10:43:12.068530
T-shirt 902,3164000.0,3.65,3,M,Women,2026-05-07 10:43:13.137389
Hoodie 903,2617920.0,4.15,3,L,Unisex,2026-05-07 10:43:13.137390
Pants 904,3356320.0,3.95,3,XL,Men,2026-05-07 10:43:13.137391
Outerwear 905,5027840.0,4.95,3,XXL,Women,2026-05-07 10:43:13.137392
Jacket 906,4301760.0,3.95,3,S,Unisex,2026-05-07 10:43:13.137392
Crewneck 907,8732640.0,4.95,3,M,Men,2026-05-07 10:43:13.137393
T-shirt 908,7954880.0,4.25,3,L,Women,2026-05-07 10:43:13.137394
Hoodie 909,8383840.0,3.65,3,XL,Unisex,2026-05-07 10:43:13.137394
Pants 910,2395200.0,4.75,3,XXL,Men,2026-05-07 10:43:13.137395
Jacket 912,7853280.0,4.95,3,M,Unisex,2026-05-07 10:43:13.137397
Crewneck 913,3222240.0,3.55,3,L,Men,2026-05-07 10:43:13.137397
T-shirt 914,5799200.0,4.65,3,XL,Women,2026-05-07 10:43:13.137398
Hoodie 915,2649120.0,4.25,3,XXL,Unisex,2026-05-07 10:43:13.137399
Outerwear 917,6061600.0,4.05,3,M,Women,2026-05-07 10:43:13.137400
Jacket 918,5380800.0,3.35,3,L,Unisex,2026-05-07 10:43:13.137401
Crewneck 919,8364000.0,4.75,3,XL,Men,2026-05-07 10:43:13.137402
T-shirt 920,3706080.0,3.25,3,XXL,Women,2026-05-07 10:43:13.137402
Pants 922,1210880.0,4.45,3,M,Men,2026-05-07 10:43:14.402422
Outerwear 923,2435840.0,3.75,3,L,Women,2026-05-07 10:43:14.402424
Jacket 924,3764320.0,3.85,3,XL,Unisex,2026-05-07 10:43:14.402424
Crewneck 925,7900800.0,4.55,3,XXL,Men,2026-05-07 10:43:14.402425
T-shirt 926,1911040.0,4.65,3,S,Women,2026-05-07 10:43:14.402426
Hoodie 927,7706400.0,3.55,3,M,Unisex,2026-05-07 10:43:14.402427
Pants 928,3911680.0,3.45,3,L,Men,2026-05-07 10:43:14.402427
Outerwear 929,1253440.0,3.35,3,XL,Women,2026-05-07 10:43:14.402428
Jacket 930,1741120.0,4.95,3,XXL,Unisex,2026-05-07 10:43:14.402429
T-shirt 932,5937600.0,4.25,3,M,Women,2026-05-07 10:43:14.402430
Hoodie 933,4960800.0,3.45,3,L,Unisex,2026-05-07 10:43:14.402431
Pants 934,2248160.0,3.65,3,XL,Men,2026-05-07 10:43:14.402431
Outerwear 935,6048000.0,4.15,3,XXL,Women,2026-05-07 10:43:14.402432
Jacket 936,6165440.0,3.15,3,S,Unisex,2026-05-07 10:43:14.402433
Crewneck 937,2475360.0,4.15,3,M,Men,2026-05-07 10:43:14.402433
T-shirt 938,4058400.0,3.65,3,L,Women,2026-05-07 10:43:14.402434
Hoodie 939,4466080.0,4.85,3,XL,Unisex,2026-05-07 10:43:14.402435
Pants 940,5776000.0,3.75,3,XXL,Men,2026-05-07 10:43:14.402436
Jacket 942,7972960.0,3.05,3,M,Unisex,2026-05-07 10:43:15.472419
Crewneck 943,4571040.0,4.45,3,L,Men,2026-05-07 10:43:15.472420
T-shirt 944,1578240.0,4.65,3,XL,Women,2026-05-07 10:43:15.472421
Hoodie 945,2107680.0,4.25,3,XXL,Unisex,2026-05-07 10:43:15.472422
Outerwear 947,7079680.0,4.65,3,M,Women,2026-05-07 10:43:15.472423
Jacket 948,4600480.0,3.95,3,L,Unisex,2026-05-07 10:43:15.472424
Crewneck 949,1844320.0,4.45,3,XL,Men,2026-05-07 10:43:15.472425
T-shirt 950,7691680.0,4.95,3,XXL,Women,2026-05-07 10:43:15.472425
Pants 952,7155040.0,3.75,3,M,Men,2026-05-07 10:43:15.472427
Outerwear 953,8423200.0,3.85,3,L,Women,2026-05-07 10:43:15.472428
Jacket 954,3878720.0,4.15,3,XL,Unisex,2026-05-07 10:43:15.472429
Crewneck 955,7006560.0,4.75,3,XXL,Men,2026-05-07 10:43:15.472429
T-shirt 956,4457600.0,3.15,3,S,Women,2026-05-07 10:43:15.472430
Hoodie 957,4024320.0,4.45,3,M,Unisex,2026-05-07 10:43:15.472431
Pants 958,3946240.0,4.85,3,L,Men,2026-05-07 10:43:15.472431
Outerwear 959,6828480.0,4.65,3,XL,Women,2026-05-07 10:43:15.472432
Jacket 960,5840160.0,4.55,3,XXL,Unisex,2026-05-07 10:43:15.472433
T-shirt 962,2887840.0,4.15,3,M,Women,2026-05-07 10:43:16.542266
Hoodie 963,7916160.0,4.65,3,L,Unisex,2026-05-07 10:43:16.542267
Pants 964,3885280.0,3.35,3,XL,Men,2026-05-07 10:43:16.542268
Outerwear 965,3107200.0,4.55,3,XXL,Women,2026-05-07 10:43:16.542269
Jacket 966,8499520.0,4.95,3,S,Unisex,2026-05-07 10:43:16.542270
Crewneck 967,1744000.0,3.55,3,M,Men,2026-05-07 10:43:16.542271
T-shirt 968,4045120.0,4.45,3,L,Women,2026-05-07 10:43:16.542271
Hoodie 969,4231840.0,3.85,3,XL,Unisex,2026-05-07 10:43:16.542272
Pants 970,952960.0,4.65,3,XXL,Men,2026-05-07 10:43:16.542273
Jacket 972,7272000.0,4.45,3,M,Unisex,2026-05-07 10:43:16.542274
Crewneck 973,7134400.0,3.95,3,L,Men,2026-05-07 10:43:16.542275
T-shirt 974,4769280.0,3.05,3,XL,Women,2026-05-07 10:43:16.542279
Hoodie 975,4816000.0,3.65,3,XXL,Unisex,2026-05-07 10:43:16.542280
Outerwear 977,3356000.0,3.65,3,M,Women,2026-05-07 10:43:16.542281
Jacket 978,3918240.0,3.65,3,L,Unisex,2026-05-07 10:43:16.542282
Crewneck 979,4848480.0,3.45,3,XL,Men,2026-05-07 10:43:16.542283
T-shirt 980,6544000.0,3.15,3,XXL,Women,2026-05-07 10:43:16.542283
Pants 982,7281760.0,4.95,3,M,Men,2026-05-07 10:43:17.612188
Outerwear 983,5762560.0,3.25,3,L,Women,2026-05-07 10:43:17.612190
Jacket 984,7349440.0,3.85,3,XL,Unisex,2026-05-07 10:43:17.612191
Crewneck 985,6236000.0,4.35,3,XXL,Men,2026-05-07 10:43:17.612191
T-shirt 986,6713760.0,4.55,3,S,Women,2026-05-07 10:43:17.612192
Hoodie 987,4008000.0,4.75,3,M,Unisex,2026-05-07 10:43:17.612193
Pants 988,2054239.9999999998,3.55,3,L,Men,2026-05-07 10:43:17.612193
Outerwear 989,6869440.0,4.25,3,XL,Women,2026-05-07 10:43:17.612194
Jacket 990,3327360.0,4.25,3,XXL,Unisex,2026-05-07 10:43:17.612195
T-shirt 992,4840480.0,4.95,3,M,Women,2026-05-07 10:43:17.612196
Hoodie 993,6361920.0,3.45,3,L,Unisex,2026-05-07 10:43:17.612197
Pants 994,1693760.0,4.45,3,XL,Men,2026-05-07 10:43:17.612198
Outerwear 995,8046720.0,3.25,3,XXL,Women,2026-05-07 10:43:17.612198
Jacket 996,6942400.0,4.35,3,S,Unisex,2026-05-07 10:43:17.612199
Crewneck 997,5321280.0,3.95,3,M,Men,2026-05-07 10:43:17.612200
T-shirt 998,908000.0,4.25,3,L,Women,2026-05-07 10:43:17.612200
Hoodie 999,8534240.0,4.85,3,XL,Unisex,2026-05-07 10:43:17.612201
Pants 1000,2938240.0,4.75,3,XXL,Men,2026-05-07 10:43:17.612202
